{"cameraMode":{"drawMode":0,"name":"Shaded","section":"Shading Mode"},"sceneLighting":false,"audioPlay":false,"sceneViewState":{"showFog":true,"showMaterialUpdate":true,"showSkybox":false,"showFlares":true,"showImageEffects":true,"showParticleSystems":true},"in2DMode":false,"pivot":{"x":0.15848731994628907,"y":5.609683036804199,"z":0.3164939880371094},"rotation":{"x":-0.09498485177755356,"y":0.6795046329498291,"z":-0.08939623087644577,"w":-0.7219842672348023},"size":52.39327621459961,"orthographic":false}