{"cameraMode":{"drawMode":0,"name":"Shaded","section":"Shading Mode"},"sceneLighting":false,"audioPlay":false,"sceneViewState":{"showFog":true,"showMaterialUpdate":true,"showSkybox":false,"showFlares":true,"showImageEffects":true,"showParticleSystems":true},"in2DMode":false,"pivot":{"x":0.6447408199310303,"y":3.0588486194610597,"z":-1.05859375},"rotation":{"x":-0.09498485177755356,"y":0.6795046329498291,"z":-0.08939623087644577,"w":-0.7219842672348023},"size":8.75971794128418,"orthographic":false}