{"cameraMode":{"drawMode":0,"name":"Shaded","section":"Shading Mode"},"sceneLighting":false,"audioPlay":false,"sceneViewState":{"showFog":true,"showMaterialUpdate":true,"showSkybox":false,"showFlares":true,"showImageEffects":true,"showParticleSystems":true},"in2DMode":false,"pivot":{"x":0.028543472290039064,"y":8.553291320800782,"z":-0.09643363952636719},"rotation":{"x":-0.09498485177755356,"y":0.6795046329498291,"z":-0.08939623087644577,"w":-0.7219842672348023},"size":47.490272521972659,"orthographic":false}