{"cameraMode":{"drawMode":0,"name":"Shaded","section":"Shading Mode"},"sceneLighting":false,"audioPlay":false,"sceneViewState":{"showFog":true,"showMaterialUpdate":true,"showSkybox":false,"showFlares":true,"showImageEffects":true,"showParticleSystems":true},"in2DMode":false,"pivot":{"x":-7.047386646270752,"y":2.7341856956481935,"z":-4.286439895629883},"rotation":{"x":-0.06840754300355911,"y":-0.603737473487854,"z":-0.05211177095770836,"w":0.7925313711166382},"size":20.607872009277345,"orthographic":false}