{"cameraMode":{"drawMode":0,"name":"Shaded","section":"Shading Mode"},"sceneLighting":false,"audioPlay":false,"sceneViewState":{"showFog":true,"showMaterialUpdate":true,"showSkybox":false,"showFlares":true,"showImageEffects":true,"showParticleSystems":true},"in2DMode":false,"pivot":{"x":0.09640073776245117,"y":1.4650163650512696,"z":1.2288594245910645},"rotation":{"x":-0.09498485177755356,"y":0.6795046329498291,"z":-0.08939623087644577,"w":-0.7219842672348023},"size":10.609761238098145,"orthographic":false}