{"cameraMode":{"drawMode":0,"name":"Shaded","section":"Shading Mode"},"sceneLighting":false,"audioPlay":false,"sceneViewState":{"showFog":true,"showMaterialUpdate":true,"showSkybox":false,"showFlares":true,"showImageEffects":true,"showParticleSystems":true},"in2DMode":false,"pivot":{"x":1.9999339580535889,"y":1.0000014305114747,"z":-0.00004840776455239393},"rotation":{"x":-0.04962877556681633,"y":0.9441189765930176,"z":-0.16771681606769563,"w":-0.2793731987476349},"size":3.889554738998413,"orthographic":false}