{"cameraMode":{"drawMode":0,"name":"Shaded","section":"Shading Mode"},"sceneLighting":false,"audioPlay":false,"sceneViewState":{"showFog":true,"showMaterialUpdate":true,"showSkybox":false,"showFlares":true,"showImageEffects":true,"showParticleSystems":true},"in2DMode":false,"pivot":{"x":-0.277742862701416,"y":1.0937354564666749,"z":0.2578304708003998},"rotation":{"x":-0.09498485177755356,"y":0.6795046329498291,"z":-0.08939623087644577,"w":-0.7219842672348023},"size":6.300058364868164,"orthographic":false}